{ 
    
    "player": [
        
        {
            "density": 2, "friction": 0, "bounce": 0, 
            "filter": { "categoryBits": 1, "maskBits": 65535 },
            "shape": [   42, 60  ,  76.03092956542969, 19.494842529296875  ,  84, 30  ,  84, 61  ,  42.26803970336914, 92.69072341918945  ,  30, 77  ]
        } ,
        {
            "density": 2, "friction": 0, "bounce": 0, 
            "filter": { "categoryBits": 1, "maskBits": 65535 },
            "shape": [   30, 119  ,  41, 108  ,  60, 93  ,  53, 119  ]
        } ,
        {
            "density": 2, "friction": 0, "bounce": 0, 
            "filter": { "categoryBits": 1, "maskBits": 65535 },
            "shape": [   60, 93  ,  83, 108  ,  92, 119  ,  69, 119  ]
        } ,
        {
            "density": 2, "friction": 0, "bounce": 0, 
            "filter": { "categoryBits": 1, "maskBits": 65535 },
            "shape": [   41, 108  ,  30, 119  ,  31.18556785583496, 110.73195838928223  ]
        } ,
        {
            "density": 2, "friction": 0, "bounce": 0, 
            "filter": { "categoryBits": 1, "maskBits": 65535 },
            "shape": [   92, 119  ,  83, 108  ,  89.17525482177734, 109.9587631225586  ]
        } ,
        {
            "density": 2, "friction": 0, "bounce": 0, 
            "filter": { "categoryBits": 1, "maskBits": 65535 },
            "shape": [   76.03092956542969, 19.494842529296875  ,  42, 60  ,  36, 54  ,  38, 38  ,  50, 17.690719604492188  ,  62.37113571166992, 13.051544189453125  ]
        } ,
        {
            "density": 2, "friction": 0, "bounce": 0, 
            "filter": { "categoryBits": 1, "maskBits": 65535 },
            "shape": [   84, 61  ,  60, 93  ,  41, 108  ,  42.26803970336914, 92.69072341918945  ]
        } ,
        {
            "density": 2, "friction": 0, "bounce": 0, 
            "filter": { "categoryBits": 1, "maskBits": 65535 },
            "shape": [   60, 93  ,  84, 61  ,  83, 108  ]
        } ,
        {
            "density": 2, "friction": 0, "bounce": 0, 
            "filter": { "categoryBits": 1, "maskBits": 65535 },
            "shape": [   172, 59  ,  206, 19  ,  214, 29  ,  214, 60  ,  172, 92  ,  160, 76  ]
        } ,
        {
            "density": 2, "friction": 0, "bounce": 0, 
            "filter": { "categoryBits": 1, "maskBits": 65535 },
            "shape": [   160, 118  ,  171, 107  ,  190, 92  ,  183, 118  ]
        } ,
        {
            "density": 2, "friction": 0, "bounce": 0, 
            "filter": { "categoryBits": 1, "maskBits": 65535 },
            "shape": [   190, 92  ,  213, 107  ,  222, 118  ,  199, 118  ]
        } ,
        {
            "density": 2, "friction": 0, "bounce": 0, 
            "filter": { "categoryBits": 1, "maskBits": 65535 },
            "shape": [   171, 107  ,  160, 118  ,  161, 110  ]
        } ,
        {
            "density": 2, "friction": 0, "bounce": 0, 
            "filter": { "categoryBits": 1, "maskBits": 65535 },
            "shape": [   222, 118  ,  213, 107  ,  219, 109  ]
        } ,
        {
            "density": 2, "friction": 0, "bounce": 0, 
            "filter": { "categoryBits": 1, "maskBits": 65535 },
            "shape": [   206, 19  ,  172, 59  ,  166, 53  ,  168, 37  ,  180, 17  ,  192, 13  ]
        } ,
        {
            "density": 2, "friction": 0, "bounce": 0, 
            "filter": { "categoryBits": 1, "maskBits": 65535 },
            "shape": [   214, 60  ,  190, 92  ,  171, 107  ,  172, 92  ]
        } ,
        {
            "density": 2, "friction": 0, "bounce": 0, 
            "filter": { "categoryBits": 1, "maskBits": 65535 },
            "shape": [   190, 92  ,  214, 60  ,  213, 107  ]
        } ,
        {
            "density": 2, "friction": 0, "bounce": 0, 
            "filter": { "categoryBits": 1, "maskBits": 65535 },
            "shape": [   303, 59  ,  337, 19  ,  345, 29  ,  345, 60  ,  303, 92  ,  291, 76  ]
        } ,
        {
            "density": 2, "friction": 0, "bounce": 0, 
            "filter": { "categoryBits": 1, "maskBits": 65535 },
            "shape": [   291, 118  ,  302, 107  ,  321, 92  ,  314, 118  ]
        } ,
        {
            "density": 2, "friction": 0, "bounce": 0, 
            "filter": { "categoryBits": 1, "maskBits": 65535 },
            "shape": [   321, 92  ,  344, 107  ,  353, 118  ,  330, 118  ]
        } ,
        {
            "density": 2, "friction": 0, "bounce": 0, 
            "filter": { "categoryBits": 1, "maskBits": 65535 },
            "shape": [   302, 107  ,  291, 118  ,  292, 110  ]
        } ,
        {
            "density": 2, "friction": 0, "bounce": 0, 
            "filter": { "categoryBits": 1, "maskBits": 65535 },
            "shape": [   337, 19  ,  303, 59  ,  297, 53  ,  299, 37  ,  311, 17  ,  323, 12  ]
        } ,
        {
            "density": 2, "friction": 0, "bounce": 0, 
            "filter": { "categoryBits": 1, "maskBits": 65535 },
            "shape": [   353, 118  ,  344, 107  ,  350, 109  ]
        } ,
        {
            "density": 2, "friction": 0, "bounce": 0, 
            "filter": { "categoryBits": 1, "maskBits": 65535 },
            "shape": [   345, 60  ,  321, 92  ,  302, 107  ,  303, 92  ]
        } ,
        {
            "density": 2, "friction": 0, "bounce": 0, 
            "filter": { "categoryBits": 1, "maskBits": 65535 },
            "shape": [   321, 92  ,  345, 60  ,  344, 107  ]
        } ,
        {
            "density": 2, "friction": 0, "bounce": 0, 
            "filter": { "categoryBits": 1, "maskBits": 65535 },
            "shape": [   433, 59  ,  467, 19  ,  475, 29  ,  475, 60  ,  433, 92  ,  421, 76  ]
        } ,
        {
            "density": 2, "friction": 0, "bounce": 0, 
            "filter": { "categoryBits": 1, "maskBits": 65535 },
            "shape": [   421, 118  ,  432, 107  ,  451, 92  ,  444, 118  ]
        } ,
        {
            "density": 2, "friction": 0, "bounce": 0, 
            "filter": { "categoryBits": 1, "maskBits": 65535 },
            "shape": [   451, 92  ,  474, 107  ,  483, 118  ,  460, 118  ]
        } ,
        {
            "density": 2, "friction": 0, "bounce": 0, 
            "filter": { "categoryBits": 1, "maskBits": 65535 },
            "shape": [   432, 107  ,  421, 118  ,  422, 110  ]
        } ,
        {
            "density": 2, "friction": 0, "bounce": 0, 
            "filter": { "categoryBits": 1, "maskBits": 65535 },
            "shape": [   467, 19  ,  433, 59  ,  427, 53  ,  429, 37  ,  441, 17  ,  453, 12  ]
        } ,
        {
            "density": 2, "friction": 0, "bounce": 0, 
            "filter": { "categoryBits": 1, "maskBits": 65535 },
            "shape": [   483, 118  ,  474, 107  ,  480, 109  ]
        } ,
        {
            "density": 2, "friction": 0, "bounce": 0, 
            "filter": { "categoryBits": 1, "maskBits": 65535 },
            "shape": [   475, 60  ,  451, 92  ,  432, 107  ,  433, 92  ]
        } ,
        {
            "density": 2, "friction": 0, "bounce": 0, 
            "filter": { "categoryBits": 1, "maskBits": 65535 },
            "shape": [   451, 92  ,  475, 60  ,  474, 107  ]
        } ,
        {
            "density": 2, "friction": 0, "bounce": 0, 
            "filter": { "categoryBits": 1, "maskBits": 65535 },
            "shape": [   564, 59  ,  598, 19  ,  606, 29  ,  606, 60  ,  564, 92  ,  552, 76  ]
        } ,
        {
            "density": 2, "friction": 0, "bounce": 0, 
            "filter": { "categoryBits": 1, "maskBits": 65535 },
            "shape": [   552, 118  ,  563, 107  ,  582, 92  ,  575, 118  ]
        } ,
        {
            "density": 2, "friction": 0, "bounce": 0, 
            "filter": { "categoryBits": 1, "maskBits": 65535 },
            "shape": [   582, 92  ,  605, 107  ,  614, 118  ,  591, 118  ]
        } ,
        {
            "density": 2, "friction": 0, "bounce": 0, 
            "filter": { "categoryBits": 1, "maskBits": 65535 },